{
  "baseline": {
    "bermudan": 214266.2614295104,
    "european": 143805.13611645656,
    "premium": 70461.12531305385,
    "exercise_probs": [
      0.17123333333333332,
      0.13383333333333333,
      0.10886666666666667,
      0.0884,
      0.0792
    ]
  },
  "lambda=0.02": {
    "bermudan": 216815.28719030446,
    "european": 146818.56771158963,
    "premium": 69996.71947871482
  },
  "lambda=0.05": {
    "bermudan": 214266.2614295104,
    "european": 143805.13611645656,
    "premium": 70461.12531305385
  },
  "lambda=0.1": {
    "bermudan": 209906.95510035823,
    "european": 139250.24720339285,
    "premium": 70656.70789696537
  },
  "vol_shift=-5bp": {
    "bermudan": 203913.9689566407,
    "european": 136638.62606100048,
    "premium": 67275.3428956402
  },
  "vol_shift=+0bp": {
    "bermudan": 214266.2614295104,
    "european": 143805.13611645656,
    "premium": 70461.12531305385
  },
  "vol_shift=+5bp": {
    "bermudan": 224462.48460109156,
    "european": 150896.9996947013,
    "premium": 73565.48490639025
  },
  "parallel +50bp": {
    "bermudan": 212416.9608248174,
    "european": 143647.26780241507,
    "premium": 68769.6930224023,
    "atm_strike": 4.050719903208406
  },
  "parallel -50bp": {
    "bermudan": 215643.18284532533,
    "european": 144005.39708511133,
    "premium": 71637.78576021398,
    "atm_strike": 3.0350985761781777
  },
  "bear steepener": {
    "bermudan": 214749.45538407826,
    "european": 143454.23950888723,
    "premium": 71295.21587519105,
    "atm_strike": 3.864913368839428
  },
  "bull flattener": {
    "bermudan": 217728.93444444373,
    "european": 143692.2661634453,
    "premium": 74036.6682809984,
    "atm_strike": 2.8506301214777716
  },
  "rho_shift=-0.1": {
    "bermudan": 213318.85901997524,
    "european": 143141.24418260905,
    "premium": 70177.61483736617
  },
  "rho_shift=+0.0": {
    "bermudan": 214266.2614295104,
    "european": 143805.13611645656,
    "premium": 70461.12531305385
  },
  "rho_shift=+0.1": {
    "bermudan": 215017.37571107878,
    "european": 144310.2171629025,
    "premium": 70707.1585481763
  },
  "paths=1000": {
    "bermudan": 209070.95406754923,
    "std_error": 8435.959943667413
  },
  "paths=5000": {
    "bermudan": 217525.06006378867,
    "std_error": 3909.3690101483503
  },
  "paths=10000": {
    "bermudan": 213522.26571484894,
    "std_error": 2690.0047985091555
  },
  "paths=30000": {
    "bermudan": 214266.2614295104,
    "std_error": 1555.9207976319612
  },
  "paths=50000": {
    "bermudan": 214127.53953341223,
    "std_error": 1194.3436991835129
  },
  "paths=100000": {
    "bermudan": 213580.0427946914,
    "std_error": 843.6662816591819
  }
}